name,value
v_c,-80
v_rev,18
v_half_m,28.35802
v_half_h,59.69117
k_m,7.66677
k_h,5.507771
a0_m,16529.06
b0_m,386.7
delta_m,22.823
s_m,12.8321
tau_m_const,3.74E-05
a0_h,6.26
b0_h,58131.407
delta_h,10.27583
s_h,21.62
tau_h_const,0.0002
a0_j,0.6462
b0_j,11358.31
delta_j,7.445
s_j,69.417
tau_j_const,0.00132
c_m,2.47E-11
R,24946770
c_p,4.50E-12
R_p,326421.4
g_max,8392.4
g_leak,0.4812443
x_c_comp,1.00E-12
x_r_comp,100000000
tau_z,0.000100034
alpha,0.75
v_off,-0.02
